<!DOCTYPE hibernate-configuration PUBLIC
	"-//Hibernate/Hibernate Configuration DTD 3.0//EN"
	"http://www.hibernate.org/dtd/hibernate-configuration-3.0.dtd">

<hibernate-configuration>

<session-factory>
	<!-- 1.必填连接数据库参数 -->
	<property name="hibernate.connection.driver_class">
		com.mysql.jdbc.Driver
	</property>
	<property name="hibernate.connection.url">
		jdbc:mysql://localhost:3306/springjdbc?useUnicode=true&amp;characterEncoding=utf-8
	</property>
	<property name="hibernate.connection.username">root</property>
	<property name="hibernate.connection.password">root</property>

	<!-- Hibernate整合C3P0连接池 -->
	<property name="hibernate.connection.provider_class">
		org.hibernate.c3p0.internal.C3P0ConnectionProvider
	</property>
	<!-- C3P0参数 -->
	<property name="hibernate.c3p0.min_size">10</property>
	<property name="hibernate.c3p0.max_size">50</property>
	<property name="hibernate.c3p0.timeout">5000</property>

	<!-- 方言 -->
	<property name="hibernate.dialect">
		org.hibernate.dialect.MySQL5Dialect
	</property>

	<!-- 2.扩展参数 -->
	<!-- 显示SQL语句 -->
	<property name="hibernate.show_sql">true</property>
	<!-- 格式化SQL语句 -->
	<property name="hibernate.format_sql">true</property>
	<!-- 自动维护表  -->
	<property name="hibernate.hbm2ddl.auto">update</property>


	<!-- 3.映射文件路径 -->
	<mapping class="com.SEVENY.Table.SEVENYUserLoginTable"/>
	<mapping class="com.SEVENY.Table.SEVENYNewsTable"/>
	<mapping class="com.SEVENY.Table.SEVENYBookTable"/>
    <mapping class="com.SEVENY.Table.SEVENYVideoTable"/>
    <mapping class="com.SEVENY.Table.SEVENYMusicTable"/> 
    <mapping class="com.SEVENY.Table.SEVENYNotesTable"/>
    <mapping class="com.SEVENY.Table.SEVENYAdminLoginTable"/>
    <mapping class="com.SEVENY.Table.SEVENYNotesEvaluateTable"/>

</session-factory>

</hibernate-configuration>